zone,district,fiscal_year,month,diversion_rate_total,capture_rate_total,capture_dispersion_ratio
Brooklyn North,BKN01,2019,April,14.7,44.1,3.0000000000000004
Brooklyn North,BKN02,2019,April,20,41.2,2.06
Brooklyn North,BKN03,2019,April,12.2,38.2,3.131147540983607
Brooklyn North,BKN04,2019,April,15.5,48.8,3.148387096774193
Brooklyn North,BKN05,2019,April,10.1,31.5,3.118811881188119
Brooklyn North,BKN08,2019,April,16.4,50.6,3.085365853658537
Brooklyn North,BKN09,2019,April,14,39.2,2.8000000000000003
Brooklyn North,BKN16,2019,April,9.3,26.4,2.8387096774193545
Brooklyn North,BKN17,2019,April,13.4,40.7,3.037313432835821
Brooklyn South,BKS06,2019,April,29,57.2,1.9724137931034484
Brooklyn South,BKS07,2019,April,20.4,57.3,2.808823529411765
Brooklyn South,BKS10,2019,April,23.8,61.3,2.57563025210084
Brooklyn South,BKS11,2019,April,18.4,52.5,2.8532608695652177
Brooklyn South,BKS12,2019,April,14.9,45.3,3.0402684563758386
Brooklyn South,BKS13,2019,April,14.3,45.6,3.1888111888111887
Brooklyn South,BKS14,2019,April,15,45.1,3.006666666666667
Brooklyn South,BKS15,2019,April,18.7,52.9,2.828877005347594
Brooklyn South,BKS18,2019,April,14.7,50.3,3.4217687074829932
Bronx,BX01,2019,April,7.1,23.2,3.267605633802817
Bronx,BX02,2019,April,13.4,45,3.3582089552238803
Bronx,BX03,2019,April,9.8,32.9,3.3571428571428568
Bronx,BX04,2019,April,12.3,40.2,3.2682926829268295
Bronx,BX05,2019,April,11.4,38.3,3.359649122807017
Bronx,BX06,2019,April,14.1,43.2,3.063829787234043
Bronx,BX07,2019,April,14.6,49.1,3.3630136986301373
Bronx,BX08,2019,April,21.2,57.6,2.716981132075472
Bronx,BX09,2019,April,10.1,31.6,3.128712871287129
Bronx,BX10,2019,April,21,55.8,2.657142857142857
Bronx,BX11,2019,April,16.7,44.6,2.670658682634731
Bronx,BX12,2019,April,20.6,52.4,2.5436893203883493
Manhattan,MN01,2019,April,28,54.1,1.9321428571428572
Manhattan,MN02,2019,April,26.7,51.5,1.9288389513108615
Manhattan,MN03,2019,April,14.1,42.7,3.0283687943262416
Manhattan,MN04,2019,April,23.6,45,1.906779661016949
Manhattan,MN05,2019,April,21.1,42,1.990521327014218
Manhattan,MN06,2019,April,24,45.9,1.9124999999999999
Manhattan,MN07,2019,April,27.5,52.6,1.9127272727272728
Manhattan,MN08,2019,April,26.7,52.7,1.9737827715355807
Manhattan,MN09,2019,April,18.5,54.8,2.962162162162162
Manhattan,MN10,2019,April,14.6,48.2,3.301369863013699
Manhattan,MN11,2019,April,11.3,36.9,3.2654867256637163
Manhattan,MN12,2019,April,16.4,51.8,3.158536585365854
Queens East,QE07,2019,April,20.2,56,2.7722772277227725
Queens East,QE08,2019,April,16.5,36.2,2.1939393939393943
Queens East,QE10,2019,April,19,60.8,3.1999999999999997
Queens East,QE11,2019,April,24.2,72.7,3.004132231404959
Queens East,QE12,2019,April,13.9,50.5,3.633093525179856
Queens East,QE13,2019,April,20,58.2,2.91
Queens East,QE14,2019,April,14,37.7,2.692857142857143
Queens West,QW01,2019,April,19.8,60.3,3.0454545454545454
Queens West,QW02,2019,April,21,58.6,2.7904761904761903
Queens West,QW03,2019,April,13.9,42.3,3.043165467625899
Queens West,QW04,2019,April,14.9,45.6,3.0604026845637584
Queens West,QW05,2019,April,23.3,61.3,2.6309012875536477
Queens West,QW06,2019,April,20.4,40.5,1.9852941176470589
Queens West,QW09,2019,April,21.8,54.6,2.5045871559633026
Staten Island,SI01,2019,April,20.2,59.6,2.9504950495049505
Staten Island,SI02,2019,April,19.3,63.4,3.2849740932642484
Staten Island,SI03,2019,April,19.5,65.8,3.3743589743589744
Brooklyn North,BKN01,2019,August,16.6,48.3,2.9096385542168672
Brooklyn North,BKN02,2019,August,19.4,39.4,2.0309278350515463
Brooklyn North,BKN03,2019,August,12.3,37.6,3.056910569105691
Brooklyn North,BKN04,2019,August,15.7,47.8,3.0445859872611463
Brooklyn North,BKN05,2019,August,10,30.5,3.05
Brooklyn North,BKN08,2019,August,15.7,47.9,3.050955414012739
Brooklyn North,BKN09,2019,August,12.7,37,2.9133858267716537
Brooklyn North,BKN16,2019,August,9.7,26.5,2.731958762886598
Brooklyn North,BKN17,2019,August,13.3,38.9,2.924812030075188
Brooklyn South,BKS06,2019,August,26.7,52.9,1.9812734082397003
Brooklyn South,BKS07,2019,August,20,53.1,2.6550000000000002
Brooklyn South,BKS10,2019,August,22.3,59.9,2.68609865470852
Brooklyn South,BKS11,2019,August,18.5,49.5,2.675675675675676
Brooklyn South,BKS12,2019,August,15.7,45.1,2.872611464968153
Brooklyn South,BKS13,2019,August,14.5,43.5,3
Brooklyn South,BKS14,2019,August,14.2,39.1,2.7535211267605635
Brooklyn South,BKS15,2019,August,19.2,51.1,2.6614583333333335
Brooklyn South,BKS18,2019,August,14.4,41.8,2.9027777777777777
Bronx,BX01,2019,August,6.8,21.4,3.1470588235294117
Bronx,BX02,2019,August,12.9,41.1,3.186046511627907
Bronx,BX03,2019,August,9.1,29.1,3.197802197802198
Bronx,BX04,2019,August,11.8,36.9,3.1271186440677963
Bronx,BX05,2019,August,11,35.1,3.190909090909091
Bronx,BX06,2019,August,12.4,39,3.1451612903225805
Bronx,BX07,2019,August,14.3,45.6,3.1888111888111887
Bronx,BX08,2019,August,21,53.3,2.538095238095238
Bronx,BX09,2019,August,9.7,29.5,3.041237113402062
Bronx,BX10,2019,August,21.1,52.5,2.4881516587677726
Bronx,BX11,2019,August,17.1,42.4,2.47953216374269
Bronx,BX12,2019,August,21.2,49,2.311320754716981
Manhattan,MN01,2019,August,25.7,48.7,1.8949416342412453
Manhattan,MN02,2019,August,24.5,47.6,1.9428571428571428
Manhattan,MN03,2019,August,13,39.8,3.0615384615384613
Manhattan,MN04,2019,August,22.4,42.2,1.8839285714285716
Manhattan,MN05,2019,August,19.1,37.1,1.9424083769633507
Manhattan,MN06,2019,August,22.1,41.6,1.8823529411764706
Manhattan,MN07,2019,August,25.8,49.3,1.9108527131782944
Manhattan,MN08,2019,August,25.5,49,1.9215686274509804
Manhattan,MN09,2019,August,17.1,53.4,3.122807017543859
Manhattan,MN10,2019,August,13.9,43.6,3.1366906474820144
Manhattan,MN11,2019,August,11.6,37,3.189655172413793
Manhattan,MN12,2019,August,15.4,47.7,3.0974025974025974
Queens East,QE07,2019,August,19.7,51,2.5888324873096447
Queens East,QE08,2019,August,16.5,33.5,2.0303030303030303
Queens East,QE10,2019,August,18.3,49.7,2.7158469945355193
Queens East,QE11,2019,August,23.8,61.4,2.579831932773109
Queens East,QE12,2019,August,13.3,43.7,3.2857142857142856
Queens East,QE13,2019,August,22.7,49.6,2.185022026431718
Queens East,QE14,2019,August,14.1,35.4,2.5106382978723403
Queens West,QW01,2019,August,19.7,57.4,2.9137055837563453
Queens West,QW02,2019,August,21.3,56.8,2.6666666666666665
Queens West,QW03,2019,August,14,40.7,2.9071428571428575
Queens West,QW04,2019,August,14.8,43.1,2.9121621621621623
Queens West,QW05,2019,August,22.8,59.4,2.6052631578947367
Queens West,QW06,2019,August,20.3,39.5,1.9458128078817734
Queens West,QW09,2019,August,21.2,52,2.452830188679245
Staten Island,SI01,2019,August,19.8,49.6,2.505050505050505
Staten Island,SI02,2019,August,17.9,51.5,2.8770949720670393
Staten Island,SI03,2019,August,19.3,56.3,2.9170984455958546
Brooklyn North,BKN01,2019,December,16.5,50,3.0303030303030303
Brooklyn North,BKN02,2019,December,21.2,41.2,1.9433962264150946
Brooklyn North,BKN03,2019,December,12.4,38.7,3.120967741935484
Brooklyn North,BKN04,2019,December,16.3,51.5,3.1595092024539877
Brooklyn North,BKN05,2019,December,10.6,33.5,3.160377358490566
Brooklyn North,BKN08,2019,December,17.1,51.9,3.0350877192982453
Brooklyn North,BKN09,2019,December,14.3,37.5,2.622377622377622
Brooklyn North,BKN16,2019,December,10.8,31.3,2.898148148148148
Brooklyn North,BKN17,2019,December,14.4,40.2,2.791666666666667
Brooklyn South,BKS06,2019,December,30,57.4,1.9133333333333333
Brooklyn South,BKS07,2019,December,20.6,53.6,2.6019417475728153
Brooklyn South,BKS10,2019,December,25.7,62,2.412451361867704
Brooklyn South,BKS11,2019,December,20.1,51.4,2.5572139303482584
Brooklyn South,BKS12,2019,December,16.3,48.1,2.950920245398773
Brooklyn South,BKS13,2019,December,14.7,45.4,3.0884353741496597
Brooklyn South,BKS14,2019,December,15.3,39.8,2.6013071895424833
Brooklyn South,BKS15,2019,December,20.4,53.2,2.6078431372549025
Brooklyn South,BKS18,2019,December,16.4,42.5,2.5914634146341466
Bronx,BX01,2019,December,7,21.7,3.1
Bronx,BX02,2019,December,13.9,44.7,3.2158273381294964
Bronx,BX03,2019,December,8.7,28,3.218390804597701
Bronx,BX04,2019,December,12,37.7,3.141666666666667
Bronx,BX05,2019,December,11.3,36.2,3.2035398230088497
Bronx,BX06,2019,December,13.2,37.2,2.8181818181818183
Bronx,BX07,2019,December,15.2,49,3.223684210526316
Bronx,BX08,2019,December,21.4,49.7,2.322429906542056
Bronx,BX09,2019,December,10.6,33.6,3.169811320754717
Bronx,BX10,2019,December,22.2,56,2.5225225225225225
Bronx,BX11,2019,December,17.4,43.1,2.477011494252874
Bronx,BX12,2019,December,21,48.7,2.3190476190476192
Manhattan,MN01,2019,December,29.5,55.2,1.8711864406779661
Manhattan,MN02,2019,December,28.5,52.9,1.856140350877193
Manhattan,MN03,2019,December,14.8,42.9,2.8986486486486482
Manhattan,MN04,2019,December,24.8,45.7,1.842741935483871
Manhattan,MN05,2019,December,21.4,40.9,1.911214953271028
Manhattan,MN06,2019,December,25.2,47.1,1.869047619047619
Manhattan,MN07,2019,December,28.7,53,1.8466898954703834
Manhattan,MN08,2019,December,28.4,54,1.9014084507042255
Manhattan,MN09,2019,December,19.1,54.5,2.853403141361256
Manhattan,MN10,2019,December,14.8,46.8,3.162162162162162
Manhattan,MN11,2019,December,11.6,36.2,3.120689655172414
Manhattan,MN12,2019,December,16.9,51.4,3.0414201183431953
Queens East,QE07,2019,December,21.6,54.7,2.5324074074074074
Queens East,QE08,2019,December,17.9,34.8,1.9441340782122905
Queens East,QE10,2019,December,20.4,49.5,2.4264705882352944
Queens East,QE11,2019,December,26.1,57,2.1839080459770113
Queens East,QE12,2019,December,17,45.7,2.6882352941176473
Queens East,QE13,2019,December,22.4,47.4,2.116071428571429
Queens East,QE14,2019,December,14.5,36.5,2.5172413793103448
Queens West,QW01,2019,December,21.1,57,2.701421800947867
Queens West,QW02,2019,December,21.7,55.6,2.5622119815668203
Queens West,QW03,2019,December,15.5,43,2.774193548387097
Queens West,QW04,2019,December,16.1,44.5,2.763975155279503
Queens West,QW05,2019,December,24.7,61.4,2.48582995951417
Queens West,QW06,2019,December,23.5,40.9,1.7404255319148936
Queens West,QW09,2019,December,23.8,53.2,2.235294117647059
Staten Island,SI01,2019,December,22.2,49.3,2.2207207207207205
Staten Island,SI02,2019,December,20.7,51.3,2.4782608695652173
Staten Island,SI03,2019,December,22.3,56.4,2.52914798206278
Brooklyn North,BKN01,2019,February,15.9,48.2,3.0314465408805034
Brooklyn North,BKN02,2019,February,20.6,40.8,1.9805825242718444
Brooklyn North,BKN03,2019,February,13,39.7,3.053846153846154
Brooklyn North,BKN04,2019,February,15.8,50,3.1645569620253164
Brooklyn North,BKN05,2019,February,10.6,33.4,3.150943396226415
Brooklyn North,BKN08,2019,February,17,52.6,3.0941176470588236
Brooklyn North,BKN09,2019,February,14,36.6,2.6142857142857143
Brooklyn North,BKN16,2019,February,9.7,28.4,2.927835051546392
Brooklyn North,BKN17,2019,February,14.2,39.6,2.7887323943661975
Brooklyn South,BKS06,2019,February,29.2,55.9,1.9143835616438356
Brooklyn South,BKS07,2019,February,20.2,52.1,2.5792079207920793
Brooklyn South,BKS10,2019,February,24.3,58.9,2.4238683127572016
Brooklyn South,BKS11,2019,February,18.9,49.8,2.634920634920635
Brooklyn South,BKS12,2019,February,15.5,47.2,3.045161290322581
Brooklyn South,BKS13,2019,February,14.4,44.3,3.0763888888888884
Brooklyn South,BKS14,2019,February,15.3,39.8,2.6013071895424833
Brooklyn South,BKS15,2019,February,19.2,50.8,2.6458333333333335
Brooklyn South,BKS18,2019,February,15.7,40.5,2.5796178343949046
Bronx,BX01,2019,February,7,22.1,3.1571428571428575
Bronx,BX02,2019,February,13.1,42.1,3.2137404580152675
Bronx,BX03,2019,February,9,28.9,3.211111111111111
Bronx,BX04,2019,February,11.9,37.3,3.1344537815126046
Bronx,BX05,2019,February,10.8,34.9,3.231481481481481
Bronx,BX06,2019,February,14.4,42.2,2.930555555555556
Bronx,BX07,2019,February,14.2,45.6,3.211267605633803
Bronx,BX08,2019,February,20.3,50.2,2.4729064039408866
Bronx,BX09,2019,February,9.9,31.3,3.1616161616161618
Bronx,BX10,2019,February,20.3,53.5,2.6354679802955663
Bronx,BX11,2019,February,16.1,41.6,2.5838509316770186
Bronx,BX12,2019,February,19.1,47.1,2.4659685863874343
Manhattan,MN01,2019,February,27.5,51.2,1.8618181818181818
Manhattan,MN02,2019,February,27.4,50.7,1.8503649635036499
Manhattan,MN03,2019,February,14.8,42.4,2.8648648648648645
Manhattan,MN04,2019,February,23.9,44.1,1.8451882845188285
Manhattan,MN05,2019,February,21.7,41.5,1.912442396313364
Manhattan,MN06,2019,February,23.7,44.1,1.8607594936708862
Manhattan,MN07,2019,February,27.4,50.5,1.843065693430657
Manhattan,MN08,2019,February,26.7,50.6,1.8951310861423223
Manhattan,MN09,2019,February,18.4,52.6,2.8586956521739135
Manhattan,MN10,2019,February,14.5,45.9,3.1655172413793102
Manhattan,MN11,2019,February,11.4,35.3,3.096491228070175
Manhattan,MN12,2019,February,16.5,50.1,3.0363636363636366
Queens East,QE07,2019,February,20.4,53.4,2.6176470588235294
Queens East,QE08,2019,February,17.5,35.9,2.051428571428571
Queens East,QE10,2019,February,19.7,48.5,2.4619289340101522
Queens East,QE11,2019,February,24.8,59.8,2.411290322580645
Queens East,QE12,2019,February,14.7,47.5,3.231292517006803
Queens East,QE13,2019,February,21.2,49.3,2.3254716981132075
Queens East,QE14,2019,February,13.2,33.9,2.5681818181818183
Queens West,QW01,2019,February,20.2,56.5,2.7970297029702973
Queens West,QW02,2019,February,21.7,56.1,2.5852534562211984
Queens West,QW03,2019,February,14.8,41.5,2.804054054054054
Queens West,QW04,2019,February,15.3,42.8,2.7973856209150325
Queens West,QW05,2019,February,24.3,59.9,2.4650205761316872
Queens West,QW06,2019,February,21.2,40.5,1.9103773584905661
Queens West,QW09,2019,February,22.1,52.6,2.3800904977375565
Staten Island,SI01,2019,February,19.6,48.9,2.4948979591836733
Staten Island,SI02,2019,February,20.6,51.2,2.4854368932038833
Staten Island,SI03,2019,February,21.6,55.2,2.5555555555555554
Brooklyn North,BKN01,2019,January,17.1,50.7,2.9649122807017543
Brooklyn North,BKN02,2019,January,22.5,42.5,1.8888888888888888
Brooklyn North,BKN03,2019,January,13.9,42.9,3.0863309352517985
Brooklyn North,BKN04,2019,January,17.1,53.2,3.111111111111111
Brooklyn North,BKN05,2019,January,11.7,36.7,3.136752136752137
Brooklyn North,BKN08,2019,January,19.8,57.9,2.924242424242424
Brooklyn North,BKN09,2019,January,14.9,37.9,2.5436241610738253
Brooklyn North,BKN16,2019,January,10.1,29,2.871287128712871
Brooklyn North,BKN17,2019,January,15.7,43.6,2.777070063694268
Brooklyn South,BKS06,2019,January,31.1,57.4,1.845659163987138
Brooklyn South,BKS07,2019,January,22.2,56.8,2.5585585585585586
Brooklyn South,BKS10,2019,January,26.9,63.3,2.353159851301115
Brooklyn South,BKS11,2019,January,20.9,54.9,2.626794258373206
Brooklyn South,BKS12,2019,January,16.1,48.9,3.0372670807453415
Brooklyn South,BKS13,2019,January,15.8,48.2,3.050632911392405
Brooklyn South,BKS14,2019,January,16.4,42.2,2.5731707317073176
Brooklyn South,BKS15,2019,January,20.5,53.8,2.6243902439024387
Brooklyn South,BKS18,2019,January,17.1,43.7,2.5555555555555554
Bronx,BX01,2019,January,8.5,26.7,3.1411764705882352
Bronx,BX02,2019,January,13.6,42.8,3.1470588235294117
Bronx,BX03,2019,January,11.1,33.9,3.054054054054054
Bronx,BX04,2019,January,13.7,42.4,3.0948905109489053
Bronx,BX05,2019,January,12.6,39.3,3.119047619047619
Bronx,BX06,2019,January,16.3,46.9,2.8773006134969323
Bronx,BX07,2019,January,16.1,51.4,3.1925465838509313
Bronx,BX08,2019,January,23.7,56.7,2.3924050632911396
Bronx,BX09,2019,January,11.4,33.7,2.956140350877193
Bronx,BX10,2019,January,22,57,2.590909090909091
Bronx,BX11,2019,January,18.8,44,2.3404255319148937
Bronx,BX12,2019,January,21.2,51.5,2.429245283018868
Manhattan,MN01,2019,January,29.1,52,1.7869415807560136
Manhattan,MN02,2019,January,29.8,53.3,1.7885906040268456
Manhattan,MN03,2019,January,15.3,42.9,2.803921568627451
Manhattan,MN04,2019,January,24.5,44.2,1.8040816326530613
Manhattan,MN05,2019,January,24.1,44.5,1.846473029045643
Manhattan,MN06,2019,January,24.5,44.2,1.8040816326530613
Manhattan,MN07,2019,January,29,51.5,1.7758620689655173
Manhattan,MN08,2019,January,28.3,50.7,1.7915194346289753
Manhattan,MN09,2019,January,19.3,53.6,2.77720207253886
Manhattan,MN10,2019,January,15.9,49,3.081761006289308
Manhattan,MN11,2019,January,12.3,36.9,2.9999999999999996
Manhattan,MN12,2019,January,18.2,54.3,2.9835164835164836
Queens East,QE07,2019,January,22.3,56.2,2.5201793721973096
Queens East,QE08,2019,January,18.5,36.7,1.983783783783784
Queens East,QE10,2019,January,21.4,51.6,2.411214953271028
Queens East,QE11,2019,January,27.9,63.7,2.2831541218637996
Queens East,QE12,2019,January,15.5,49.6,3.2
Queens East,QE13,2019,January,23.5,51,2.1702127659574466
Queens East,QE14,2019,January,14.4,35.1,2.4375
Queens West,QW01,2019,January,21.9,60.5,2.762557077625571
Queens West,QW02,2019,January,23.8,61.3,2.57563025210084
Queens West,QW03,2019,January,16.1,43.8,2.7204968944099375
Queens West,QW04,2019,January,16.4,45.7,2.786585365853659
Queens West,QW05,2019,January,26.1,64.1,2.4559386973180075
Queens West,QW06,2019,January,23.1,42.6,1.844155844155844
Queens West,QW09,2019,January,24.6,56,2.2764227642276422
Staten Island,SI01,2019,January,21.8,52.5,2.408256880733945
Staten Island,SI02,2019,January,22.6,54.6,2.415929203539823
Staten Island,SI03,2019,January,23.4,57.9,2.4743589743589745
Brooklyn North,BKN01,2019,July,16.8,48.6,2.892857142857143
Brooklyn North,BKN02,2019,July,19.3,39.1,2.0259067357512954
Brooklyn North,BKN03,2019,July,12.3,37.7,3.065040650406504
Brooklyn North,BKN04,2019,July,15.5,47.3,3.051612903225806
Brooklyn North,BKN05,2019,July,10,30.6,3.06
Brooklyn North,BKN08,2019,July,15.6,47.6,3.0512820512820515
Brooklyn North,BKN09,2019,July,12.7,36.9,2.905511811023622
Brooklyn North,BKN16,2019,July,9.4,26,2.7659574468085104
Brooklyn North,BKN17,2019,July,13.3,38.6,2.9022556390977443
Brooklyn South,BKS06,2019,July,27.1,53.2,1.96309963099631
Brooklyn South,BKS07,2019,July,19.9,52.9,2.6582914572864325
Brooklyn South,BKS10,2019,July,23.3,62.1,2.665236051502146
Brooklyn South,BKS11,2019,July,18.7,50.2,2.6844919786096257
Brooklyn South,BKS12,2019,July,15.5,44.5,2.870967741935484
Brooklyn South,BKS13,2019,July,14.5,43.7,3.013793103448276
Brooklyn South,BKS14,2019,July,14.2,39.1,2.7535211267605635
Brooklyn South,BKS15,2019,July,19,50.8,2.6736842105263157
Brooklyn South,BKS18,2019,July,14.5,42.3,2.9172413793103447
Bronx,BX01,2019,July,6.9,21.7,3.144927536231884
Bronx,BX02,2019,July,13.3,42.5,3.195488721804511
Bronx,BX03,2019,July,9.1,29.1,3.197802197802198
Bronx,BX04,2019,July,11.6,36.5,3.146551724137931
Bronx,BX05,2019,July,11.3,36,3.1858407079646014
Bronx,BX06,2019,July,11.8,37.1,3.1440677966101696
Bronx,BX07,2019,July,14.5,46.4,3.1999999999999997
Bronx,BX08,2019,July,20.9,53.6,2.5645933014354068
Bronx,BX09,2019,July,9.9,30.4,3.0707070707070705
Bronx,BX10,2019,July,20.9,53.3,2.550239234449761
Bronx,BX11,2019,July,16.7,42,2.51497005988024
Bronx,BX12,2019,July,21.1,49.3,2.3364928909952605
Manhattan,MN01,2019,July,26.1,49.6,1.9003831417624522
Manhattan,MN02,2019,July,24.6,47.9,1.9471544715447153
Manhattan,MN03,2019,July,13.4,40.7,3.037313432835821
Manhattan,MN04,2019,July,22.6,43,1.902654867256637
Manhattan,MN05,2019,July,20,38.9,1.9449999999999998
Manhattan,MN06,2019,July,22.7,43,1.894273127753304
Manhattan,MN07,2019,July,26.2,50.1,1.9122137404580153
Manhattan,MN08,2019,July,25.8,49.7,1.926356589147287
Manhattan,MN09,2019,July,16.7,52.2,3.1257485029940124
Manhattan,MN10,2019,July,14.2,44.7,3.1478873239436624
Manhattan,MN11,2019,July,10.9,35,3.2110091743119265
Manhattan,MN12,2019,July,15.5,48,3.096774193548387
Queens East,QE07,2019,July,20,51.7,2.585
Queens East,QE08,2019,July,16.7,33.8,2.023952095808383
Queens East,QE10,2019,July,19.2,51.8,2.6979166666666665
Queens East,QE11,2019,July,24.7,62.1,2.5141700404858303
Queens East,QE12,2019,July,13.7,45,3.2846715328467155
Queens East,QE13,2019,July,22.5,51.2,2.2755555555555556
Queens East,QE14,2019,July,14.3,36.6,2.5594405594405596
Queens West,QW01,2019,July,19.4,56.7,2.9226804123711343
Queens West,QW02,2019,July,21.4,56.9,2.6588785046728973
Queens West,QW03,2019,July,14.1,41,2.9078014184397163
Queens West,QW04,2019,July,15.1,43.9,2.9072847682119205
Queens West,QW05,2019,July,22.9,60.1,2.624454148471616
Queens West,QW06,2019,July,20.7,40.1,1.9371980676328504
Queens West,QW09,2019,July,21.2,52,2.452830188679245
Staten Island,SI01,2019,July,19.8,51.2,2.585858585858586
Staten Island,SI02,2019,July,18.7,53.7,2.8716577540106956
Staten Island,SI03,2019,July,19.8,57.6,2.909090909090909
Brooklyn North,BKN01,2019,June,16.1,48.2,2.9937888198757765
Brooklyn North,BKN02,2019,June,20.5,43.2,2.107317073170732
Brooklyn North,BKN03,2019,June,12.6,39.6,3.1428571428571432
Brooklyn North,BKN04,2019,June,16.4,51.4,3.1341463414634148
Brooklyn North,BKN05,2019,June,11,34.4,3.127272727272727
Brooklyn North,BKN08,2019,June,17.2,53.1,3.0872093023255816
Brooklyn North,BKN09,2019,June,13.8,38.8,2.8115942028985503
Brooklyn North,BKN16,2019,June,9.9,28.1,2.8383838383838382
Brooklyn North,BKN17,2019,June,14,42.6,3.042857142857143
Brooklyn South,BKS06,2019,June,29.4,58.1,1.9761904761904763
Brooklyn South,BKS07,2019,June,21.1,58.7,2.781990521327014
Brooklyn South,BKS10,2019,June,24.9,63.5,2.5502008032128516
Brooklyn South,BKS11,2019,June,19,54.5,2.8684210526315788
Brooklyn South,BKS12,2019,June,15.3,45.5,2.9738562091503264
Brooklyn South,BKS13,2019,June,14.9,46.8,3.140939597315436
Brooklyn South,BKS14,2019,June,15.8,47.5,3.0063291139240507
Brooklyn South,BKS15,2019,June,19.3,54,2.797927461139896
Brooklyn South,BKS18,2019,June,15.1,51.6,3.4172185430463577
Bronx,BX01,2019,June,7.8,25.4,3.2564102564102564
Bronx,BX02,2019,June,14.2,47.6,3.3521126760563384
Bronx,BX03,2019,June,10.3,34.6,3.3592233009708736
Bronx,BX04,2019,June,13.2,43.3,3.2803030303030303
Bronx,BX05,2019,June,12,40.3,3.358333333333333
Bronx,BX06,2019,June,15,45,3
Bronx,BX07,2019,June,15.4,51.7,3.357142857142857
Bronx,BX08,2019,June,22,61.1,2.7772727272727273
Bronx,BX09,2019,June,10.9,34,3.1192660550458715
Bronx,BX10,2019,June,21.2,56.5,2.6650943396226414
Bronx,BX11,2019,June,17.2,45.4,2.6395348837209305
Bronx,BX12,2019,June,21.8,53.4,2.4495412844036695
Manhattan,MN01,2019,June,28.7,55.1,1.9198606271777003
Manhattan,MN02,2019,June,28.3,54.3,1.9187279151943462
Manhattan,MN03,2019,June,14.6,44.2,3.0273972602739727
Manhattan,MN04,2019,June,23.8,45.1,1.8949579831932772
Manhattan,MN05,2019,June,21,41.7,1.9857142857142858
Manhattan,MN06,2019,June,23.6,45,1.906779661016949
Manhattan,MN07,2019,June,28,53.5,1.9107142857142858
Manhattan,MN08,2019,June,26.9,53,1.9702602230483273
Manhattan,MN09,2019,June,18.7,56.1,3
Manhattan,MN10,2019,June,14.9,49.2,3.302013422818792
Manhattan,MN11,2019,June,11.8,38.2,3.2372881355932206
Manhattan,MN12,2019,June,16.4,51.7,3.1524390243902443
Queens East,QE07,2019,June,20.2,56,2.7722772277227725
Queens East,QE08,2019,June,16.9,36.5,2.1597633136094676
Queens East,QE10,2019,June,19.2,61.9,3.2239583333333335
Queens East,QE11,2019,June,23.8,72.7,3.054621848739496
Queens East,QE12,2019,June,14.1,51.4,3.645390070921986
Queens East,QE13,2019,June,21.5,60.2,2.8000000000000003
Queens East,QE14,2019,June,14.6,39.4,2.6986301369863015
Queens West,QW01,2019,June,20.6,62.7,3.0436893203883493
Queens West,QW02,2019,June,21.7,59.8,2.7557603686635943
Queens West,QW03,2019,June,14.4,43.8,3.0416666666666665
Queens West,QW04,2019,June,15.4,47,3.051948051948052
Queens West,QW05,2019,June,23.8,62,2.6050420168067228
Queens West,QW06,2019,June,20.3,40.3,1.985221674876847
Queens West,QW09,2019,June,22.8,57.5,2.5219298245614032
Staten Island,SI01,2019,June,21.5,63.2,2.9395348837209303
Staten Island,SI02,2019,June,19.3,63.9,3.310880829015544
Staten Island,SI03,2019,June,20.5,69.2,3.3756097560975613
Brooklyn North,BKN01,2019,March,15.7,47.8,3.0445859872611463
Brooklyn North,BKN02,2019,March,19.7,38.4,1.9492385786802031
Brooklyn North,BKN03,2019,March,12.3,39,3.170731707317073
Brooklyn North,BKN04,2019,March,16,50.6,3.1625
Brooklyn North,BKN05,2019,March,10.4,32.8,3.1538461538461533
Brooklyn North,BKN08,2019,March,16.9,51.9,3.0710059171597637
Brooklyn North,BKN09,2019,March,14.5,36.8,2.5379310344827584
Brooklyn North,BKN16,2019,March,9.3,27.1,2.913978494623656
Brooklyn North,BKN17,2019,March,14.1,39.3,2.7872340425531914
Brooklyn South,BKS06,2019,March,30.6,54.3,1.7745098039215685
Brooklyn South,BKS07,2019,March,20.3,52.6,2.5911330049261085
Brooklyn South,BKS10,2019,March,24.7,58.1,2.3522267206477734
Brooklyn South,BKS11,2019,March,19.1,50,2.6178010471204187
Brooklyn South,BKS12,2019,March,15.3,46.6,3.045751633986928
Brooklyn South,BKS13,2019,March,14.9,45.9,3.0805369127516777
Brooklyn South,BKS14,2019,March,15.2,39.6,2.605263157894737
Brooklyn South,BKS15,2019,March,19,50.3,2.6473684210526316
Brooklyn South,BKS18,2019,March,15.4,39.9,2.590909090909091
Bronx,BX01,2019,March,7.1,22.2,3.126760563380282
Bronx,BX02,2019,March,13.3,42.9,3.225563909774436
Bronx,BX03,2019,March,9.6,31,3.229166666666667
Bronx,BX04,2019,March,12.4,38.7,3.120967741935484
Bronx,BX05,2019,March,11.2,36,3.2142857142857144
Bronx,BX06,2019,March,14.8,42,2.8378378378378377
Bronx,BX07,2019,March,14.6,47,3.219178082191781
Bronx,BX08,2019,March,20.6,50.4,2.4466019417475726
Bronx,BX09,2019,March,9.9,31.3,3.1616161616161618
Bronx,BX10,2019,March,20.1,51.9,2.5820895522388057
Bronx,BX11,2019,March,15.8,40.3,2.550632911392405
Bronx,BX12,2019,March,19.1,46.6,2.43979057591623
Manhattan,MN01,2019,March,28.3,52.5,1.8551236749116606
Manhattan,MN02,2019,March,27.9,51.3,1.8387096774193548
Manhattan,MN03,2019,March,14.5,41.2,2.841379310344828
Manhattan,MN04,2019,March,23.9,44.1,1.8451882845188285
Manhattan,MN05,2019,March,21.7,41.4,1.9078341013824884
Manhattan,MN06,2019,March,23.3,43,1.8454935622317596
Manhattan,MN07,2019,March,27.8,51.1,1.8381294964028776
Manhattan,MN08,2019,March,26.9,51,1.895910780669145
Manhattan,MN09,2019,March,18.6,51.8,2.7849462365591395
Manhattan,MN10,2019,March,14.6,46.1,3.1575342465753424
Manhattan,MN11,2019,March,11.5,35.4,3.0782608695652174
Manhattan,MN12,2019,March,16.6,49.8,2.9999999999999996
Queens East,QE07,2019,March,20.5,53.2,2.5951219512195123
Queens East,QE08,2019,March,16.9,34.5,2.0414201183431953
Queens East,QE10,2019,March,19.5,48,2.4615384615384617
Queens East,QE11,2019,March,24.6,57.9,2.3536585365853657
Queens East,QE12,2019,March,14.4,46.7,3.243055555555556
Queens East,QE13,2019,March,20.7,47.5,2.2946859903381642
Queens East,QE14,2019,March,13,33.3,2.5615384615384613
Queens West,QW01,2019,March,20.3,56.9,2.8029556650246303
Queens West,QW02,2019,March,21.2,54.5,2.5707547169811322
Queens West,QW03,2019,March,14.6,41,2.808219178082192
Queens West,QW04,2019,March,14.9,41.6,2.791946308724832
Queens West,QW05,2019,March,24.2,58.1,2.400826446280992
Queens West,QW06,2019,March,20.7,39.5,1.9082125603864735
Queens West,QW09,2019,March,22.5,52.2,2.3200000000000003
Staten Island,SI01,2019,March,19.7,47.7,2.421319796954315
Staten Island,SI02,2019,March,20.2,50,2.4752475247524752
Staten Island,SI03,2019,March,20.6,52.4,2.5436893203883493
Brooklyn North,BKN01,2019,May,15.7,47,2.993630573248408
Brooklyn North,BKN02,2019,May,19.5,40,2.051282051282051
Brooklyn North,BKN03,2019,May,11.7,36.7,3.136752136752137
Brooklyn North,BKN04,2019,May,15,47,3.1333333333333333
Brooklyn North,BKN05,2019,May,9.8,30.7,3.1326530612244894
Brooklyn North,BKN08,2019,May,15.7,47.7,3.0382165605095546
Brooklyn North,BKN09,2019,May,14.1,38.5,2.7304964539007095
Brooklyn North,BKN16,2019,May,9.8,27.8,2.836734693877551
Brooklyn North,BKN17,2019,May,13.1,39.9,3.045801526717557
Brooklyn South,BKS06,2019,May,28.7,55.7,1.9407665505226481
Brooklyn South,BKS07,2019,May,19.5,54.4,2.7897435897435896
Brooklyn South,BKS10,2019,May,24,59.9,2.495833333333333
Brooklyn South,BKS11,2019,May,18.1,51.4,2.8397790055248615
Brooklyn South,BKS12,2019,May,15.7,47,2.993630573248408
Brooklyn South,BKS13,2019,May,14.7,46.2,3.1428571428571432
Brooklyn South,BKS14,2019,May,14.2,42.8,3.0140845070422535
Brooklyn South,BKS15,2019,May,18.7,52.6,2.8128342245989306
Brooklyn South,BKS18,2019,May,14.5,49.6,3.420689655172414
Bronx,BX01,2019,May,7,22.7,3.242857142857143
Bronx,BX02,2019,May,13.7,45.9,3.3503649635036497
Bronx,BX03,2019,May,9.9,33.2,3.353535353535354
Bronx,BX04,2019,May,12.3,40.2,3.2682926829268295
Bronx,BX05,2019,May,11.1,37.3,3.3603603603603602
Bronx,BX06,2019,May,15.3,45,2.941176470588235
Bronx,BX07,2019,May,14.5,48.7,3.3586206896551727
Bronx,BX08,2019,May,21,57.3,2.7285714285714286
Bronx,BX09,2019,May,10.1,31.7,3.1386138613861387
Bronx,BX10,2019,May,21,54.9,2.6142857142857143
Bronx,BX11,2019,May,16.8,43.5,2.589285714285714
Bronx,BX12,2019,May,20.4,49.4,2.4215686274509807
Manhattan,MN01,2019,May,27.2,52.2,1.9191176470588236
Manhattan,MN02,2019,May,25.9,49.3,1.9034749034749034
Manhattan,MN03,2019,May,14.2,42,2.9577464788732395
Manhattan,MN04,2019,May,23.4,44.5,1.9017094017094018
Manhattan,MN05,2019,May,20.7,41,1.9806763285024156
Manhattan,MN06,2019,May,23.2,44.2,1.9051724137931036
Manhattan,MN07,2019,May,26.8,50.6,1.8880597014925373
Manhattan,MN08,2019,May,26.1,51.4,1.9693486590038312
Manhattan,MN09,2019,May,18.8,54.4,2.8936170212765955
Manhattan,MN10,2019,May,14.2,46.7,3.2887323943661975
Manhattan,MN11,2019,May,11.3,36.1,3.1946902654867255
Manhattan,MN12,2019,May,16.4,50.9,3.103658536585366
Queens East,QE07,2019,May,19.4,53.2,2.742268041237114
Queens East,QE08,2019,May,16,34.3,2.14375
Queens East,QE10,2019,May,18,57,3.1666666666666665
Queens East,QE11,2019,May,23.3,69.7,2.9914163090128754
Queens East,QE12,2019,May,13.1,47.6,3.6335877862595423
Queens East,QE13,2019,May,20.3,56.1,2.7635467980295565
Queens East,QE14,2019,May,13.6,35.7,2.6250000000000004
Queens West,QW01,2019,May,18.8,57.2,3.0425531914893615
Queens West,QW02,2019,May,20.4,56.5,2.7696078431372553
Queens West,QW03,2019,May,13.4,40.8,3.044776119402985
Queens West,QW04,2019,May,14.4,43.8,3.0416666666666665
Queens West,QW05,2019,May,22.9,58.4,2.550218340611354
Queens West,QW06,2019,May,19.7,39.1,1.984771573604061
Queens West,QW09,2019,May,21.4,52.5,2.4532710280373835
Staten Island,SI01,2019,May,20,56.5,2.825
Staten Island,SI02,2019,May,17.9,57.9,3.23463687150838
Staten Island,SI03,2019,May,18.9,63.4,3.354497354497355
Brooklyn North,BKN01,2019,November,15.9,50.2,3.157232704402516
Brooklyn North,BKN02,2019,November,21.2,40.3,1.900943396226415
Brooklyn North,BKN03,2019,November,12.1,40.3,3.330578512396694
Brooklyn North,BKN04,2019,November,15.2,50.5,3.322368421052632
Brooklyn North,BKN05,2019,November,10.4,33.5,3.2211538461538463
Brooklyn North,BKN08,2019,November,17.1,53.5,3.1286549707602336
Brooklyn North,BKN09,2019,November,14.1,38.9,2.7588652482269502
Brooklyn North,BKN16,2019,November,10.1,29.4,2.910891089108911
Brooklyn North,BKN17,2019,November,15.4,42.6,2.7662337662337664
Brooklyn South,BKS06,2019,November,29.8,55.5,1.8624161073825503
Brooklyn South,BKS07,2019,November,21,58,2.761904761904762
Brooklyn South,BKS10,2019,November,25.6,64.1,2.5039062499999996
Brooklyn South,BKS11,2019,November,19.8,55,2.7777777777777777
Brooklyn South,BKS12,2019,November,16.7,48.9,2.92814371257485
Brooklyn South,BKS13,2019,November,14.8,45.7,3.0878378378378377
Brooklyn South,BKS14,2019,November,17.2,42.4,2.4651162790697674
Brooklyn South,BKS15,2019,November,20.3,54.8,2.6995073891625614
Brooklyn South,BKS18,2019,November,19.1,42.8,2.240837696335078
Bronx,BX01,2019,November,7.1,22.8,3.211267605633803
Bronx,BX02,2019,November,12.1,39.8,3.289256198347107
Bronx,BX03,2019,November,9,29.5,3.2777777777777777
Bronx,BX04,2019,November,11.7,37.4,3.1965811965811968
Bronx,BX05,2019,November,11.1,36.4,3.279279279279279
Bronx,BX06,2019,November,13.4,38.7,2.8880597014925375
Bronx,BX07,2019,November,14.6,47.9,3.280821917808219
Bronx,BX08,2019,November,22.9,55.2,2.4104803493449785
Bronx,BX09,2019,November,9.8,32.3,3.295918367346938
Bronx,BX10,2019,November,22,54.3,2.4681818181818183
Bronx,BX11,2019,November,18.5,43.8,2.3675675675675674
Bronx,BX12,2019,November,22.7,51,2.246696035242291
Manhattan,MN01,2019,November,27.3,51.7,1.893772893772894
Manhattan,MN02,2019,November,27.6,52.1,1.8876811594202898
Manhattan,MN03,2019,November,14,40.7,2.9071428571428575
Manhattan,MN04,2019,November,23.2,43.3,1.8663793103448276
Manhattan,MN05,2019,November,21.4,41.6,1.94392523364486
Manhattan,MN06,2019,November,23.7,44.3,1.869198312236287
Manhattan,MN07,2019,November,27.6,51.8,1.8768115942028984
Manhattan,MN08,2019,November,26.9,51.9,1.929368029739777
Manhattan,MN09,2019,November,18.1,51.8,2.8618784530386736
Manhattan,MN10,2019,November,13.8,44.5,3.22463768115942
Manhattan,MN11,2019,November,11.2,35.1,3.1339285714285716
Manhattan,MN12,2019,November,16.3,50.6,3.104294478527607
Queens East,QE07,2019,November,22.3,55,2.4663677130044843
Queens East,QE08,2019,November,18.1,33.9,1.8729281767955799
Queens East,QE10,2019,November,20.2,49.8,2.4653465346534653
Queens East,QE11,2019,November,26.2,57.4,2.1908396946564888
Queens East,QE12,2019,November,17.8,48.6,2.730337078651685
Queens East,QE13,2019,November,23.9,48.8,2.0418410041841004
Queens East,QE14,2019,November,14.2,37.8,2.6619718309859155
Queens West,QW01,2019,November,20.2,61.2,3.0297029702970297
Queens West,QW02,2019,November,22,60.7,2.7590909090909093
Queens West,QW03,2019,November,14.7,44.6,3.034013605442177
Queens West,QW04,2019,November,15.1,46.1,3.0529801324503314
Queens West,QW05,2019,November,24.6,61.7,2.508130081300813
Queens West,QW06,2019,November,23.8,39.8,1.672268907563025
Queens West,QW09,2019,November,24.8,53.9,2.1733870967741935
Staten Island,SI01,2019,November,27.1,48.4,1.7859778597785976
Staten Island,SI02,2019,November,27.3,51,1.8681318681318682
Staten Island,SI03,2019,November,29.5,53.3,1.806779661016949
Brooklyn North,BKN01,2019,October,15.8,50.7,3.208860759493671
Brooklyn North,BKN02,2019,October,20.5,40.8,1.9902439024390242
Brooklyn North,BKN03,2019,October,12.3,41.1,3.341463414634146
Brooklyn North,BKN04,2019,October,15.2,50.6,3.328947368421053
Brooklyn North,BKN05,2019,October,10.1,33.7,3.336633663366337
Brooklyn North,BKN08,2019,October,16.2,52.5,3.240740740740741
Brooklyn North,BKN09,2019,October,13.4,38.2,2.8507462686567164
Brooklyn North,BKN16,2019,October,9.7,29.4,3.0309278350515463
Brooklyn North,BKN17,2019,October,13.4,41.8,3.1194029850746268
Brooklyn South,BKS06,2019,October,29,55.6,1.9172413793103449
Brooklyn South,BKS07,2019,October,20.3,58.4,2.876847290640394
Brooklyn South,BKS10,2019,October,24.5,63.3,2.583673469387755
Brooklyn South,BKS11,2019,October,18.8,54.3,2.8882978723404253
Brooklyn South,BKS12,2019,October,15.2,47.8,3.1447368421052633
Brooklyn South,BKS13,2019,October,14.2,44.4,3.126760563380282
Brooklyn South,BKS14,2019,October,14.5,41.7,2.8758620689655174
Brooklyn South,BKS15,2019,October,19,54.2,2.8526315789473684
Brooklyn South,BKS18,2019,October,14.6,42.4,2.904109589041096
Bronx,BX01,2019,October,7.1,23.1,3.253521126760564
Bronx,BX02,2019,October,13.2,43.4,3.287878787878788
Bronx,BX03,2019,October,9.1,30,3.296703296703297
Bronx,BX04,2019,October,11.6,37.1,3.1982758620689657
Bronx,BX05,2019,October,10.9,35.7,3.2752293577981653
Bronx,BX06,2019,October,14.4,39.8,2.763888888888889
Bronx,BX07,2019,October,14.3,47,3.2867132867132867
Bronx,BX08,2019,October,20.9,56,2.6794258373205744
Bronx,BX09,2019,October,9.7,32.4,3.3402061855670104
Bronx,BX10,2019,October,20.3,54.7,2.6945812807881775
Bronx,BX11,2019,October,16.4,43.9,2.676829268292683
Bronx,BX12,2019,October,20.4,51.6,2.5294117647058827
Manhattan,MN01,2019,October,27.2,51.7,1.9007352941176472
Manhattan,MN02,2019,October,27,50.6,1.8740740740740742
Manhattan,MN03,2019,October,14.5,42.4,2.924137931034483
Manhattan,MN04,2019,October,22.8,42.8,1.8771929824561402
Manhattan,MN05,2019,October,20.6,40,1.9417475728155338
Manhattan,MN06,2019,October,23.4,44.1,1.8846153846153848
Manhattan,MN07,2019,October,27.1,50.4,1.8597785977859778
Manhattan,MN08,2019,October,26.3,50.8,1.9315589353612166
Manhattan,MN09,2019,October,18.8,52.8,2.808510638297872
Manhattan,MN10,2019,October,13.7,44,3.2116788321167884
Manhattan,MN11,2019,October,11.8,36.7,3.110169491525424
Manhattan,MN12,2019,October,15.7,48.6,3.0955414012738856
Queens East,QE07,2019,October,20.4,56,2.7450980392156863
Queens East,QE08,2019,October,16.6,34.1,2.0542168674698793
Queens East,QE10,2019,October,19,50.3,2.6473684210526316
Queens East,QE11,2019,October,24.1,61.1,2.5352697095435683
Queens East,QE12,2019,October,13.7,48.7,3.5547445255474455
Queens East,QE13,2019,October,22.1,50.1,2.266968325791855
Queens East,QE14,2019,October,13.6,37.2,2.7352941176470593
Queens West,QW01,2019,October,19.4,60.3,3.1082474226804124
Queens West,QW02,2019,October,21,60.3,2.8714285714285714
Queens West,QW03,2019,October,14,43.6,3.1142857142857143
Queens West,QW04,2019,October,14.8,46,3.108108108108108
Queens West,QW05,2019,October,23.3,61.9,2.656652360515021
Queens West,QW06,2019,October,20.4,39.6,1.9411764705882355
Queens West,QW09,2019,October,22.1,54.3,2.457013574660633
Staten Island,SI01,2019,October,20,50.7,2.535
Staten Island,SI02,2019,October,19.3,53,2.7461139896373057
Staten Island,SI03,2019,October,20.2,57.2,2.831683168316832
Brooklyn North,BKN01,2019,September,16.3,51.9,3.184049079754601
Brooklyn North,BKN02,2019,September,20.9,42.5,2.0334928229665072
Brooklyn North,BKN03,2019,September,12.6,42.1,3.3412698412698414
Brooklyn North,BKN04,2019,September,15.8,52.6,3.329113924050633
Brooklyn North,BKN05,2019,September,10.3,34.4,3.3398058252427183
Brooklyn North,BKN08,2019,September,17.3,55.7,3.2196531791907517
Brooklyn North,BKN09,2019,September,13.8,39.7,2.8768115942028984
Brooklyn North,BKN16,2019,September,9.9,30,3.0303030303030303
Brooklyn North,BKN17,2019,September,14,43.7,3.1214285714285714
Brooklyn South,BKS06,2019,September,29.5,57.6,1.952542372881356
Brooklyn South,BKS07,2019,September,21,60.3,2.8714285714285714
Brooklyn South,BKS10,2019,September,24.2,64.7,2.6735537190082646
Brooklyn South,BKS11,2019,September,18.8,54.6,2.904255319148936
Brooklyn South,BKS12,2019,September,16,50.3,3.14375
Brooklyn South,BKS13,2019,September,14.8,45.9,3.1013513513513513
Brooklyn South,BKS14,2019,September,15.1,43.5,2.8807947019867552
Brooklyn South,BKS15,2019,September,19.7,56.8,2.8832487309644668
Brooklyn South,BKS18,2019,September,15.1,43.7,2.894039735099338
Bronx,BX01,2019,September,7.1,23.2,3.267605633802817
Bronx,BX02,2019,September,13.4,43.9,3.2761194029850746
Bronx,BX03,2019,September,9.3,30.4,3.268817204301075
Bronx,BX04,2019,September,12.1,38.9,3.2148760330578514
Bronx,BX05,2019,September,11.1,36.6,3.2972972972972974
Bronx,BX06,2019,September,14.1,40.9,2.900709219858156
Bronx,BX07,2019,September,14.5,47.7,3.2896551724137932
Bronx,BX08,2019,September,21.5,57.7,2.683720930232558
Bronx,BX09,2019,September,9.8,32.8,3.3469387755102034
Bronx,BX10,2019,September,20.7,55.9,2.7004830917874396
Bronx,BX11,2019,September,16.8,45.4,2.702380952380952
Bronx,BX12,2019,September,20.4,52.1,2.5539215686274512
Manhattan,MN01,2019,September,27.9,53.2,1.9068100358422941
Manhattan,MN02,2019,September,27.1,51.3,1.8929889298892988
Manhattan,MN03,2019,September,14.7,44,2.993197278911565
Manhattan,MN04,2019,September,23,43.1,1.873913043478261
Manhattan,MN05,2019,September,20.9,40.5,1.9377990430622012
Manhattan,MN06,2019,September,23.7,44.9,1.8945147679324894
Manhattan,MN07,2019,September,27.3,51.3,1.8791208791208789
Manhattan,MN08,2019,September,26.9,51.8,1.9256505576208178
Manhattan,MN09,2019,September,18.7,54.9,2.935828877005348
Manhattan,MN10,2019,September,14.4,46.3,3.2152777777777777
Manhattan,MN11,2019,September,11.7,36.6,3.1282051282051286
Manhattan,MN12,2019,September,16.3,50.6,3.104294478527607
Queens East,QE07,2019,September,20.3,56.6,2.7881773399014778
Queens East,QE08,2019,September,17.2,34.7,2.0174418604651163
Queens East,QE10,2019,September,19.5,52.1,2.671794871794872
Queens East,QE11,2019,September,24.4,63.2,2.5901639344262297
Queens East,QE12,2019,September,14,49.6,3.542857142857143
Queens East,QE13,2019,September,22.9,50.5,2.2052401746724892
Queens East,QE14,2019,September,14.5,39.1,2.6965517241379313
Queens West,QW01,2019,September,20,62.1,3.105
Queens West,QW02,2019,September,21.7,62.3,2.870967741935484
Queens West,QW03,2019,September,14.6,45.4,3.1095890410958904
Queens West,QW04,2019,September,15.3,47.6,3.111111111111111
Queens West,QW05,2019,September,23.8,64.5,2.710084033613445
Queens West,QW06,2019,September,20.9,40.5,1.9377990430622012
Queens West,QW09,2019,September,22.4,56.6,2.5267857142857144
Staten Island,SI01,2019,September,20.4,52,2.5490196078431375
Staten Island,SI02,2019,September,19.5,54.1,2.7743589743589743
Staten Island,SI03,2019,September,20.7,58.9,2.845410628019324
